Site code,Organization,Site,Street address,City,State or province,Postal code,Country
BETUR1,Soudal,Turnhout,Everdongenlaan 18,Turnhout,Flanders,2300,Belgium
BETUR2,Soudal,Turnhout,Everdongenlaan 18,Turnhout,Flanders,2300,Belgium
BETUR3,Soudal,Turnhout,Everdongenlaan 18,Turnhout,Flanders,2300,Belgium
BETUR5,Soudal,Turnhout,Everdongenlaan 18,Turnhout,Flanders,2300,Belgium
BETUSO1,Soudal,Turnhout,Everdongenlaan 18,Turnhout,Flanders,2300,Belgium
BETUSO2,Soudal,Turnhout,Everdongenlaan 18,Turnhout,Flanders,2300,Belgium
BETUSO3,Soudal,Turnhout,Everdongenlaan 18,Turnhout,Flanders,2300,Belgium
BETUSO5,Soudal,Turnhout,Everdongenlaan 18,Turnhout,Flanders,2300,Belgium
BELOC1,Rectavit,Lochristi,Ambachtenlaan 4,Lochristi,Flanders,9080,Belgium
BEOVE1,Aerotrim,Pelt,Industrielaan 24,Pelt,Flanders,3900,Belgium
BEOVAE1,Aerotrim,Pelt,Industrielaan 24,Pelt,Flanders,3900,Belgium
BEAER1,Aerotrim,Pelt,Industrielaan 24,Pelt,Flanders,3900,Belgium
BENAZ1,Sapac,Nazareth,Leenstraat 7,Nazareth,Flanders,9810,Belgium
DELEV1,Soudal,Leverkusen,Olof-Palme-Strasse 13,Leverkusen,North Rhine-Westphalia,51371,Germany
DELESO1,Soudal,Leverkusen,Olof-Palme-Strasse 13,Leverkusen,North Rhine-Westphalia,51371,Germany
FRBLY,Ayrton / Soudal,Blyes,"680 allee des Combes, PI Plaine de l'Ain",Blyes,Ain,01150,France
FRLY,Ayrton / Soudal,Blyes,"680 allee des Combes, PI Plaine de l'Ain",Blyes,Ain,01150,France
FRGOTR,Tramico,Gournay-en-Bray,14 avenue de l'Europe,Gournay-en-Bray,Normandy,76220,France
ESMAD1,Soudal,Alovera,"Camino de la Barca, Nave E5, Poligono de Alovera",Alovera,Guadalajara,19208,Spain
ESALSO1,Soudal,Alovera,"Camino de la Barca, Nave E5, Poligono de Alovera",Alovera,Guadalajara,19208,Spain
ESAZSO1,Soudal,Azuqueca de Henares,"Camino de la Barca, Nave E5, Poligono de Alovera",Azuqueca de Henares,Guadalajara,19208,Spain
UKTAM1,Soudal,Tamworth,"Soudal House, Unit 1, Centurion Way, Centurion Park",Tamworth,Staffordshire,B77 5PN,United Kingdom
UKTASO1,Soudal,Tamworth,"Soudal House, Unit 1, Centurion Way, Centurion Park",Tamworth,Staffordshire,B77 5PN,United Kingdom
UKTAWH1,Soudal,Tamworth,"Soudal House, Unit 1, Centurion Way, Centurion Park",Tamworth,Staffordshire,B77 5PN,United Kingdom
NLWEE1,Frencken,Weert,Houtstraat 23,Weert,Limburg,6001 SJ,Netherlands
NLWEFR1,Frencken,Weert,Houtstraat 23,Weert,Limburg,6001 SJ,Netherlands
NLBZSO1,Soudal Manufacturing BV,Bergen op Zoom,Plasticslaan 1,Bergen op Zoom,North Brabant,4612 PX,Netherlands
ATSVA1,Soudal,Sankt-Valentin,Langenharterstrasse 3,Sankt-Valentin,Lower Austria,4300,Austria
ATSVSO1,Soudal,Sankt-Valentin,Langenharterstrasse 3,Sankt-Valentin,Lower Austria,4300,Austria
ITMISO1,Soudal,Milan,Viale Campania 57/B,Milan,Lombardy,20093,Italy
DKVEJ1,Soudal,Vejle,Ferrarivej 2,Vejle,Region Syddanmark,7100,Denmark
DKVESO1,Soudal,Vejle,Ferrarivej 2,Vejle,Region Syddanmark,7100,Denmark
DKALL1,Ljungdahl,Allerod,Hejrevang 22,Allerod,Capital Region,3450,Denmark
DKALLJ1,Ljungdahl,Allerod,Hejrevang 22,Allerod,Capital Region,3450,Denmark
PLPIO1,Soudal,Pionki,ul. Wspolna 21,Pionki,Masovian Voivodeship,26-670,Poland
PLPISO1,Soudal,Pionki,ul. Wspolna 21,Pionki,Masovian Voivodeship,26-670,Poland
PLPIOSO1,Soudal,Pionki,ul. Wspolna 21,Pionki,Masovian Voivodeship,26-670,Poland
PLSUBO1,Bochem Production,Suskowola,Suskowola 58a,Suskowola,Masovian Voivodeship,26-670,Poland
PLPIBO1,Bochem,Pionki,Dzialki Suskowolskie 22B,Pionki,Masovian Voivodeship,26-670,Poland
PLCZO1,Soudal,Czosnow,"ul. Gdanska 7, Czatkow Mazowiecki",Czosnow,Masovian Voivodeship,05-152,Poland
PLCZSO1,Soudal,Czosnow,"ul. Gdanska 7, Czatkow Mazowiecki",Czosnow,Masovian Voivodeship,05-152,Poland
PLBOC1,Bochem,Pionki,Dzialki Suskowolskie 22B,Pionki,Masovian Voivodeship,26-670,Poland
NOTRA1,Soudal,Tranby,Dolasletta 5,Tranby,Viken,3408,Norway
NOTRSO1,Soudal,Tranby,Dolasletta 5,Tranby,Viken,3408,Norway
SISRP1,TKK,Srpenica,Srpenica 1,Srpenica,,5224,Slovenia
TRIS1,Soudal,Istanbul,"Deri Organize Sanayi Bolgesi, Aydinli Mah., Vakum Cd. No: 4, Parsel D-19, Tuzla",Istanbul,Istanbul,,Turkey
TRISSO1,Soudal,Istanbul,"Deri Organize Sanayi Bolgesi, Aydinli Mah., Vakum Cd. No: 4, Parsel D-19, Tuzla",Istanbul,Istanbul,,Turkey
TRAD1,Soudal,Adana,"Acidere OSB Mah., Basak Cad. 7, Saricam",Adana,Adana,,Turkey
TRADSO1,Soudal,Adana,"Acidere OSB Mah., Basak Cad. 7, Saricam",Adana,Adana,,Turkey
TRIS2,Soudal,Istanbul,"Deri Organize Sanayi Bolgesi, Aydinli Mah., Vakum Cd. No: 4, Parsel D-19, Tuzla",Istanbul,Istanbul,,Turkey
ZAJBSO1,Soudal,Johannesburg,"Unit 1C, Cnr Kentmere Street & Heaton Lane, Longlake Ext 19, Modderfontein",Johannesburg,Gauteng,1609,South Africa
USETAM1,Accumetric / Soudal Accumetric,Elizabethtown,350 Ring Road,Elizabethtown,Kentucky,42701,United States
THBASO1,Soudal,Bangkok,"10 Chaloem Phrakiat Ratchakan Thi 9 Soi 43, Nong Bon, Prawet",Bangkok,Bangkok,10250,Thailand
PTLIS1,Soudal,Lisboa,"Rua Mourisca 26-32, Capa Rota",Lisboa,Lisbon,2710-207,Portugal
PTLISO1,Soudal,Lisboa,"Rua Mourisca 26-32, Capa Rota",Lisboa,Lisbon,2710-207,Portugal
MACAS1,Soudal,Casablanca,"Parc d'activites Oukacha - Hangar 55, 2 Bd Moulay Slimane - Ain Sebaa",Casablanca,Casablanca-Settat,20580,Morocco
MACASO1,Soudal,Casablanca,"Parc d'activites Oukacha - Hangar 55, 2 Bd Moulay Slimane - Ain Sebaa",Casablanca,Casablanca-Settat,20580,Morocco
LVDOTE1,Tenachem,Dobele,Spodribas Street 3,Dobele,Dobele Municipality,LV-3701,Latvia
CLSASO1,Soudal,Santiago,"Calle Cordillera 352-B, Quilicura",Santiago,Santiago Metropolitan Region,,Chile
SEBAL1,Soudal,Balsta,Mjodvagen 2C,Balsta,Uppsala County,746 50,Sweden
SEENK1,Soudal,Enkoping,Ekebygatan 4,Enkoping,Uppsala County,745 37,Sweden
SEENSO1,Soudal,Enkoping,Ekebygatan 4,Enkoping,Uppsala County,745 37,Sweden
HUBUSO1,Soudal Magyarorszag Kft.,Budaors,Gyar u. 2,Budaors,Pest,2040,Hungary
HRDON1,Soudal,Donja Zelina,Brezovec Zelinski 25b,Donja Zelina,Zagreb County,10382,Croatia
BGSO1,Soudal,Sofia,"425 Tsarigradsko Shose Blvd, Logistic Park Universal, offices 24-25",Sofia,Sofia,1138,Bulgaria
BGSOSO1,Soudal,Sofia,"425 Tsarigradsko Shose Blvd, Logistic Park Universal, offices 24-25",Sofia,Sofia,1138,Bulgaria
BGSOTK1,TKK,Sofia,22 Rozhen Blvd.,Sofia,Sofia,1220,Bulgaria
RUNO,Soudal,Noginsk,Territory Noginsk-Technopark 16,Noginsk,Moscow Oblast,142407,Russia
ROCRSO1,Soudal,Crevedia,"Sos. Bucuresti-Targoviste nr. 697C, Crevedia Logistic Park",Crevedia,Dambovi?a,137180,Romania
SSI,,,,,,,
IEDUB1,Soudal,Dublin,"Unit M1, Furry Park Industrial Estate, Swords Road",Dublin,Dublin,D09 F953,Ireland
IEDUSO1,Soudal,Dublin,"Unit M1, Furry Park Industrial Estate, Swords Road",Dublin,Dublin,D09 F953,Ireland
FIVAS,Soudal / Joints,Vantaa,Tahkotie 1A,Vantaa,Uusimaa,01530,Finland
CADOR1,Soudal,Dorval,95 Avenue Lindsay,Dorval,Quebec,H9P 2S6,Canada
CADASO1,Soudal,Dorval,95 Avenue Lindsay,Dorval,Quebec,H9P 2S6,Canada
AESHA1,Al Muqarram,Sharjah,Industrial Area 15,Sharjah,,,United Arab Emirates
AESHAM1,Al Muqarram,Sharjah,Industrial Area 15,Sharjah,,,United Arab Emirates
AEDUAM1,Al Muqarram,Dubai,Deira,Dubai,,,United Arab Emirates
AEUMAM1,Al Muqarram,Umm Al Quwain,"Plot 1268, Sector 5, New Industrial Area 2",Umm Al Quwain,Umm Al Quwain,,United Arab Emirates
AEUMWH1,Al Muqarram,Sharjah,Shed No 9,Sharjah,Sharjah,,United Arab Emirates
COBOG,Soudal,Bogota,"Carrera 69 BIS # 24-31 Sur, Barrio Carvajal",Bogota,"Bogota, DC",,Colombia
COBOSO1,Soudal,Bogota,"Carrera 69 BIS # 24-31 Sur, Barrio Carvajal",Bogota,"Bogota, DC",,Colombia
AUGLE,Soudal,Glendenning,75 Owen Street,Glendenning,New South Wales,2761,Australia
AUGLSO1,Soudal,Glendenning,75 Owen Street,Glendenning,New South Wales,2761,Australia
INBASO,Soudal,Bawal,"Plot No 200, Sector 4, Phase II, Growth Centre Bawal",Bawal,Haryana,123501,India
HP-HERMES,,,,,,,
